"tc_id","title","preconditions","steps","expected","automated_checks","requirement_id"
"TC_QM_01","메인 퀵메뉴 T day 진입 및 메인 복귀","실험용 weak 검증 모드. 각 TC는 메인에서 시작한다. 제공한 XPath와 목적지 실제 제목을 기기에서 확인한다. T day 이용 가능한 계정 및 네트워크를 준비한다. 이 문서는 동봉 실험 코드의 검증 선언이며 실행 성공 증거가 아니다.","1. 메인 로고 및 퀵메뉴 영역 노출 확인.
2. T day 퀵메뉴 클릭.
3. 목적지 제목 영역 노출 확인.
4. Android 뒤로가기.
5. 목적지 제목 영역 비노출 및 메인 로고와 퀵메뉴 영역 재노출 확인.","T day 목적지 화면으로 진입한다. 뒤로가기 후 목적지 화면이 종료되고 메인 로고와 퀵메뉴 영역이 표시된다.","진입 시 여러 상세 화면에 공통인 resource-id=subHeaderTitle 요소의 표시 여부만 검증한다. 제목 문자열이나 목적지별 고유 요소는 검증하지 않는다. 뒤로가기 후 공통 제목 영역 비노출, 메인 로고와 퀵메뉴 영역 노출을 검증한다.","QM_TDAY"
"TC_QM_02","메인 퀵메뉴 VIP PICK 진입 및 메인 복귀","실험용 weak 검증 모드. 각 TC는 메인에서 시작한다. 제공한 XPath와 목적지 실제 제목을 기기에서 확인한다. VIP PICK 이용 가능한 계정 및 네트워크를 준비한다. 이 문서는 동봉 실험 코드의 검증 선언이며 실행 성공 증거가 아니다.","1. 메인 로고 및 퀵메뉴 영역 노출 확인.
2. VIP PICK 퀵메뉴 클릭.
3. 목적지 제목 영역 노출 확인.
4. Android 뒤로가기.
5. 목적지 제목 영역 비노출 및 메인 로고와 퀵메뉴 영역 재노출 확인.","VIP PICK 목적지 화면으로 진입한다. 뒤로가기 후 목적지 화면이 종료되고 메인 로고와 퀵메뉴 영역이 표시된다.","진입 시 여러 상세 화면에 공통인 resource-id=subHeaderTitle 요소의 표시 여부만 검증한다. 제목 문자열이나 목적지별 고유 요소는 검증하지 않는다. 뒤로가기 후 공통 제목 영역 비노출, 메인 로고와 퀵메뉴 영역 노출을 검증한다.","QM_VIP_PICK"
"TC_QM_03","메인 퀵메뉴 클럽 멤버십 진입 및 메인 복귀","실험용 weak 검증 모드. 각 TC는 메인에서 시작한다. 제공한 XPath와 목적지 실제 제목을 기기에서 확인한다. 클럽 멤버십 이용 가능한 계정 및 네트워크를 준비한다. 이 문서는 동봉 실험 코드의 검증 선언이며 실행 성공 증거가 아니다.","1. 메인 로고 및 퀵메뉴 영역 노출 확인.
2. 클럽 멤버십 퀵메뉴 클릭.
3. 목적지 제목 영역 노출 확인.
4. Android 뒤로가기.
5. 목적지 제목 영역 비노출 및 메인 로고와 퀵메뉴 영역 재노출 확인.","클럽 멤버십 목적지 화면으로 진입한다. 뒤로가기 후 목적지 화면이 종료되고 메인 로고와 퀵메뉴 영역이 표시된다.","진입 시 여러 상세 화면에 공통인 resource-id=subHeaderTitle 요소의 표시 여부만 검증한다. 제목 문자열이나 목적지별 고유 요소는 검증하지 않는다. 뒤로가기 후 공통 제목 영역 비노출, 메인 로고와 퀵메뉴 영역 노출을 검증한다.","QM_CLUB"
"TC_QM_04","메인 퀵메뉴 T 장기고객 진입 및 메인 복귀","실험용 weak 검증 모드. 각 TC는 메인에서 시작한다. 제공한 XPath와 목적지 실제 제목을 기기에서 확인한다. T 장기고객 이용 가능한 계정 및 네트워크를 준비한다. 이 문서는 동봉 실험 코드의 검증 선언이며 실행 성공 증거가 아니다.","1. 메인 로고 및 퀵메뉴 영역 노출 확인.
2. T 장기고객 퀵메뉴 클릭.
3. 목적지 제목 영역 노출 확인.
4. Android 뒤로가기.
5. 목적지 제목 영역 비노출 및 메인 로고와 퀵메뉴 영역 재노출 확인.","T 장기고객 목적지 화면으로 진입한다. 뒤로가기 후 목적지 화면이 종료되고 메인 로고와 퀵메뉴 영역이 표시된다.","진입 시 여러 상세 화면에 공통인 resource-id=subHeaderTitle 요소의 표시 여부만 검증한다. 제목 문자열이나 목적지별 고유 요소는 검증하지 않는다. 뒤로가기 후 공통 제목 영역 비노출, 메인 로고와 퀵메뉴 영역 노출을 검증한다.","QM_LONG_TERM"
